"Date","Source","Site ID","POC","Daily Max 1-hour NO2 Concentration","Units","Daily AQI Value","Local Site Name","Daily Obs Count","Percent Complete","AQS Parameter Code","AQS Parameter Description","Method Code","CBSA Code","CBSA Name","State FIPS Code","State","County FIPS Code","County","Site Latitude","Site Longitude"
"01/01/2023","AQS","060750005","1","18.6","ppb","17","San Francisco","23","96.0000","42602","Nitrogen dioxide (NO2)","074","41860","San Francisco-Oakland-Hayward, CA","06","California","075","San Francisco","37.765946","-122.399044"
"01/02/2023","AQS","060750005","1","25.2","ppb","24","San Francisco","23","96.0000","42602","Nitrogen dioxide (NO2)","074","41860","San Francisco-Oakland-Hayward, CA","06","California","075","San Francisco","37.765946","-122.399044"
"01/03/2023","AQS","060750005","1","21.6","ppb","20","San Francisco","22","92.0000","42602","Nitrogen dioxide (NO2)","074","41860","San Francisco-Oakland-Hayward, CA","06","California","075","San Francisco","37.765946","-122.399044"
"01/04/2023","AQS","060750005","1","19","ppb","18","San Francisco","23","96.0000","42602","Nitrogen dioxide (NO2)","074","41860","San Francisco-Oakland-Hayward, CA","06","California","075","San Francisco","37.765946","-122.399044"
"01/05/2023","AQS","060750005","1","15.5","ppb","14","San Francisco","23","96.0000","42602","Nitrogen dioxide (NO2)","074","41860","San Francisco-Oakland-Hayward, CA","06","California","075","San Francisco","37.765946","-122.399044"
"01/06/2023","AQS","060750005","1","16.2","ppb","15","San Francisco","23","96.0000","42602","Nitrogen dioxide (NO2)","074","41860","San Francisco-Oakland-Hayward, CA","06","California","075","San Francisco","37.765946","-122.399044"
"01/07/2023","AQS","060750005","1","11.4","ppb","10","San Francisco","23","96.0000","42602","Nitrogen dioxide (NO2)","074","41860","San Francisco-Oakland-Hayward, CA","06","California","075","San Francisco","37.765946","-122.399044"
"01/08/2023","AQS","060750005","1","8.2","ppb","8","San Francisco","23","96.0000","42602","Nitrogen dioxide (NO2)","074","41860","San Francisco-Oakland-Hayward, CA","06","California","075","San Francisco","37.765946","-122.399044"
"01/10/2023","AQS","060750005","1","9.2","ppb","8","San Francisco","23","96.0000","42602","Nitrogen dioxide (NO2)","074","41860","San Francisco-Oakland-Hayward, CA","06","California","075","San Francisco","37.765946","-122.399044"
"01/11/2023","AQS","060750005","1","8.7","ppb","8","San Francisco","23","96.0000","42602","Nitrogen dioxide (NO2)","074","41860","San Francisco-Oakland-Hayward, CA","06","California","075","San Francisco","37.765946","-122.399044"
"01/12/2023","AQS","060750005","1","20.3","ppb","19","San Francisco","23","96.0000","42602","Nitrogen dioxide (NO2)","074","41860","San Francisco-Oakland-Hayward, CA","06","California","075","San Francisco","37.765946","-122.399044"
"01/13/2023","AQS","060750005","1","11.2","ppb","10","San Francisco","23","96.0000","42602","Nitrogen dioxide (NO2)","074","41860","San Francisco-Oakland-Hayward, CA","06","California","075","San Francisco","37.765946","-122.399044"
"01/14/2023","AQS","060750005","1","4.7","ppb","4","San Francisco","23","96.0000","42602","Nitrogen dioxide (NO2)","074","41860","San Francisco-Oakland-Hayward, CA","06","California","075","San Francisco","37.765946","-122.399044"
"01/15/2023","AQS","060750005","1","10.5","ppb","9","San Francisco","23","96.0000","42602","Nitrogen dioxide (NO2)","074","41860","San Francisco-Oakland-Hayward, CA","06","California","075","San Francisco","37.765946","-122.399044"
"01/16/2023","AQS","060750005","1","17.2","ppb","16","San Francisco","23","96.0000","42602","Nitrogen dioxide (NO2)","074","41860","San Francisco-Oakland-Hayward, CA","06","California","075","San Francisco","37.765946","-122.399044"
"01/17/2023","AQS","060750005","1","29.4","ppb","27","San Francisco","23","96.0000","42602","Nitrogen dioxide (NO2)","074","41860","San Francisco-Oakland-Hayward, CA","06","California","075","San Francisco","37.765946","-122.399044"
"01/18/2023","AQS","060750005","1","27.2","ppb","25","San Francisco","23","96.0000","42602","Nitrogen dioxide (NO2)","074","41860","San Francisco-Oakland-Hayward, CA","06","California","075","San Francisco","37.765946","-122.399044"
"01/19/2023","AQS","060750005","1","24.8","ppb","23","San Francisco","23","96.0000","42602","Nitrogen dioxide (NO2)","074","41860","San Francisco-Oakland-Hayward, CA","06","California","075","San Francisco","37.765946","-122.399044"
"01/20/2023","AQS","060750005","1","38.1","ppb","36","San Francisco","23","96.0000","42602","Nitrogen dioxide (NO2)","074","41860","San Francisco-Oakland-Hayward, CA","06","California","075","San Francisco","37.765946","-122.399044"
"01/21/2023","AQS","060750005","1","34.9","ppb","32","San Francisco","23","96.0000","42602","Nitrogen dioxide (NO2)","074","41860","San Francisco-Oakland-Hayward, CA","06","California","075","San Francisco","37.765946","-122.399044"
"01/22/2023","AQS","060750005","1","24.1","ppb","23","San Francisco","23","96.0000","42602","Nitrogen dioxide (NO2)","074","41860","San Francisco-Oakland-Hayward, CA","06","California","075","San Francisco","37.765946","-122.399044"
"01/23/2023","AQS","060750005","1","39.2","ppb","37","San Francisco","23","96.0000","42602","Nitrogen dioxide (NO2)","074","41860","San Francisco-Oakland-Hayward, CA","06","California","075","San Francisco","37.765946","-122.399044"
"01/24/2023","AQS","060750005","1","35.3","ppb","33","San Francisco","23","96.0000","42602","Nitrogen dioxide (NO2)","074","41860","San Francisco-Oakland-Hayward, CA","06","California","075","San Francisco","37.765946","-122.399044"
"01/25/2023","AQS","060750005","1","39","ppb","37","San Francisco","22","92.0000","42602","Nitrogen dioxide (NO2)","074","41860","San Francisco-Oakland-Hayward, CA","06","California","075","San Francisco","37.765946","-122.399044"
"01/26/2023","AQS","060750005","1","25.5","ppb","24","San Francisco","23","96.0000","42602","Nitrogen dioxide (NO2)","074","41860","San Francisco-Oakland-Hayward, CA","06","California","075","San Francisco","37.765946","-122.399044"
"01/27/2023","AQS","060750005","1","31","ppb","29","San Francisco","23","96.0000","42602","Nitrogen dioxide (NO2)","074","41860","San Francisco-Oakland-Hayward, CA","06","California","075","San Francisco","37.765946","-122.399044"
"01/28/2023","AQS","060750005","1","25","ppb","24","San Francisco","23","96.0000","42602","Nitrogen dioxide (NO2)","074","41860","San Francisco-Oakland-Hayward, CA","06","California","075","San Francisco","37.765946","-122.399044"
"01/29/2023","AQS","060750005","1","7.8","ppb","7","San Francisco","23","96.0000","42602","Nitrogen dioxide (NO2)","074","41860","San Francisco-Oakland-Hayward, CA","06","California","075","San Francisco","37.765946","-122.399044"
"01/30/2023","AQS","060750005","1","35.8","ppb","33","San Francisco","23","96.0000","42602","Nitrogen dioxide (NO2)","074","41860","San Francisco-Oakland-Hayward, CA","06","California","075","San Francisco","37.765946","-122.399044"
"01/31/2023","AQS","060750005","1","43.7","ppb","41","San Francisco","23","96.0000","42602","Nitrogen dioxide (NO2)","074","41860","San Francisco-Oakland-Hayward, CA","06","California","075","San Francisco","37.765946","-122.399044"
"02/01/2023","AQS","060750005","1","38.7","ppb","36","San Francisco","23","96.0000","42602","Nitrogen dioxide (NO2)","074","41860","San Francisco-Oakland-Hayward, CA","06","California","075","San Francisco","37.765946","-122.399044"
"02/02/2023","AQS","060750005","1","39.6","ppb","37","San Francisco","23","96.0000","42602","Nitrogen dioxide (NO2)","074","41860","San Francisco-Oakland-Hayward, CA","06","California","075","San Francisco","37.765946","-122.399044"
"02/03/2023","AQS","060750005","1","28.9","ppb","26","San Francisco","23","96.0000","42602","Nitrogen dioxide (NO2)","074","41860","San Francisco-Oakland-Hayward, CA","06","California","075","San Francisco","37.765946","-122.399044"
"02/04/2023","AQS","060750005","1","23.6","ppb","22","San Francisco","23","96.0000","42602","Nitrogen dioxide (NO2)","074","41860","San Francisco-Oakland-Hayward, CA","06","California","075","San Francisco","37.765946","-122.399044"
"02/05/2023","AQS","060750005","1","9.4","ppb","8","San Francisco","23","96.0000","42602","Nitrogen dioxide (NO2)","074","41860","San Francisco-Oakland-Hayward, CA","06","California","075","San Francisco","37.765946","-122.399044"
"02/06/2023","AQS","060750005","1","31.7","ppb","29","San Francisco","23","96.0000","42602","Nitrogen dioxide (NO2)","074","41860","San Francisco-Oakland-Hayward, CA","06","California","075","San Francisco","37.765946","-122.399044"
"02/07/2023","AQS","060750005","1","34.1","ppb","32","San Francisco","23","96.0000","42602","Nitrogen dioxide (NO2)","074","41860","San Francisco-Oakland-Hayward, CA","06","California","075","San Francisco","37.765946","-122.399044"
"02/08/2023","AQS","060750005","1","38.1","ppb","36","San Francisco","20","83.0000","42602","Nitrogen dioxide (NO2)","074","41860","San Francisco-Oakland-Hayward, CA","06","California","075","San Francisco","37.765946","-122.399044"
"02/09/2023","AQS","060750005","1","34.3","ppb","32","San Francisco","23","96.0000","42602","Nitrogen dioxide (NO2)","074","41860","San Francisco-Oakland-Hayward, CA","06","California","075","San Francisco","37.765946","-122.399044"
"02/10/2023","AQS","060750005","1","30.5","ppb","28","San Francisco","23","96.0000","42602","Nitrogen dioxide (NO2)","074","41860","San Francisco-Oakland-Hayward, CA","06","California","075","San Francisco","37.765946","-122.399044"
"02/11/2023","AQS","060750005","1","29.6","ppb","27","San Francisco","23","96.0000","42602","Nitrogen dioxide (NO2)","074","41860","San Francisco-Oakland-Hayward, CA","06","California","075","San Francisco","37.765946","-122.399044"
"02/12/2023","AQS","060750005","1","26.6","ppb","25","San Francisco","23","96.0000","42602","Nitrogen dioxide (NO2)","074","41860","San Francisco-Oakland-Hayward, CA","06","California","075","San Francisco","37.765946","-122.399044"
"02/13/2023","AQS","060750005","1","18.3","ppb","17","San Francisco","23","96.0000","42602","Nitrogen dioxide (NO2)","074","41860","San Francisco-Oakland-Hayward, CA","06","California","075","San Francisco","37.765946","-122.399044"
"02/14/2023","AQS","060750005","1","7.8","ppb","7","San Francisco","23","96.0000","42602","Nitrogen dioxide (NO2)","074","41860","San Francisco-Oakland-Hayward, CA","06","California","075","San Francisco","37.765946","-122.399044"
"02/15/2023","AQS","060750005","1","32.9","ppb","30","San Francisco","22","92.0000","42602","Nitrogen dioxide (NO2)","074","41860","San Francisco-Oakland-Hayward, CA","06","California","075","San Francisco","37.765946","-122.399044"
"02/16/2023","AQS","060750005","1","41.3","ppb","39","San Francisco","23","96.0000","42602","Nitrogen dioxide (NO2)","074","41860","San Francisco-Oakland-Hayward, CA","06","California","075","San Francisco","37.765946","-122.399044"
"02/17/2023","AQS","060750005","1","37.9","ppb","35","San Francisco","23","96.0000","42602","Nitrogen dioxide (NO2)","074","41860","San Francisco-Oakland-Hayward, CA","06","California","075","San Francisco","37.765946","-122.399044"
"02/18/2023","AQS","060750005","1","38.5","ppb","36","San Francisco","23","96.0000","42602","Nitrogen dioxide (NO2)","074","41860","San Francisco-Oakland-Hayward, CA","06","California","075","San Francisco","37.765946","-122.399044"
"02/19/2023","AQS","060750005","1","31","ppb","29","San Francisco","23","96.0000","42602","Nitrogen dioxide (NO2)","074","41860","San Francisco-Oakland-Hayward, CA","06","California","075","San Francisco","37.765946","-122.399044"
"02/20/2023","AQS","060750005","1","27.1","ppb","25","San Francisco","23","96.0000","42602","Nitrogen dioxide (NO2)","074","41860","San Francisco-Oakland-Hayward, CA","06","California","075","San Francisco","37.765946","-122.399044"
"02/21/2023","AQS","060750005","1","15.3","ppb","14","San Francisco","21","88.0000","42602","Nitrogen dioxide (NO2)","074","41860","San Francisco-Oakland-Hayward, CA","06","California","075","San Francisco","37.765946","-122.399044"
"02/22/2023","AQS","060750005","1","8.8","ppb","8","San Francisco","23","96.0000","42602","Nitrogen dioxide (NO2)","074","41860","San Francisco-Oakland-Hayward, CA","06","California","075","San Francisco","37.765946","-122.399044"
"02/23/2023","AQS","060750005","1","17.2","ppb","16","San Francisco","23","96.0000","42602","Nitrogen dioxide (NO2)","074","41860","San Francisco-Oakland-Hayward, CA","06","California","075","San Francisco","37.765946","-122.399044"
"02/24/2023","AQS","060750005","1","11.7","ppb","10","San Francisco","23","96.0000","42602","Nitrogen dioxide (NO2)","074","41860","San Francisco-Oakland-Hayward, CA","06","California","075","San Francisco","37.765946","-122.399044"
"02/25/2023","AQS","060750005","1","15.6","ppb","14","San Francisco","23","96.0000","42602","Nitrogen dioxide (NO2)","074","41860","San Francisco-Oakland-Hayward, CA","06","California","075","San Francisco","37.765946","-122.399044"
"02/26/2023","AQS","060750005","1","14.3","ppb","13","San Francisco","23","96.0000","42602","Nitrogen dioxide (NO2)","074","41860","San Francisco-Oakland-Hayward, CA","06","California","075","San Francisco","37.765946","-122.399044"
"02/27/2023","AQS","060750005","1","17.7","ppb","16","San Francisco","23","96.0000","42602","Nitrogen dioxide (NO2)","074","41860","San Francisco-Oakland-Hayward, CA","06","California","075","San Francisco","37.765946","-122.399044"
"02/28/2023","AQS","060750005","1","15","ppb","14","San Francisco","23","96.0000","42602","Nitrogen dioxide (NO2)","074","41860","San Francisco-Oakland-Hayward, CA","06","California","075","San Francisco","37.765946","-122.399044"
"03/01/2023","AQS","060750005","1","10.5","ppb","9","San Francisco","19","79.0000","42602","Nitrogen dioxide (NO2)","074","41860","San Francisco-Oakland-Hayward, CA","06","California","075","San Francisco","37.765946","-122.399044"
"03/02/2023","AQS","060750005","1","33.6","ppb","31","San Francisco","22","92.0000","42602","Nitrogen dioxide (NO2)","074","41860","San Francisco-Oakland-Hayward, CA","06","California","075","San Francisco","37.765946","-122.399044"
"03/03/2023","AQS","060750005","1","28.3","ppb","26","San Francisco","23","96.0000","42602","Nitrogen dioxide (NO2)","074","41860","San Francisco-Oakland-Hayward, CA","06","California","075","San Francisco","37.765946","-122.399044"
"03/04/2023","AQS","060750005","1","6.5","ppb","6","San Francisco","23","96.0000","42602","Nitrogen dioxide (NO2)","074","41860","San Francisco-Oakland-Hayward, CA","06","California","075","San Francisco","37.765946","-122.399044"
"03/05/2023","AQS","060750005","1","9.7","ppb","8","San Francisco","23","96.0000","42602","Nitrogen dioxide (NO2)","074","41860","San Francisco-Oakland-Hayward, CA","06","California","075","San Francisco","37.765946","-122.399044"
"03/06/2023","AQS","060750005","1","14.4","ppb","13","San Francisco","22","92.0000","42602","Nitrogen dioxide (NO2)","074","41860","San Francisco-Oakland-Hayward, CA","06","California","075","San Francisco","37.765946","-122.399044"
"03/07/2023","AQS","060750005","1","24.3","ppb","23","San Francisco","23","96.0000","42602","Nitrogen dioxide (NO2)","074","41860","San Francisco-Oakland-Hayward, CA","06","California","075","San Francisco","37.765946","-122.399044"
"03/08/2023","AQS","060750005","1","15.4","ppb","14","San Francisco","23","96.0000","42602","Nitrogen dioxide (NO2)","074","41860","San Francisco-Oakland-Hayward, CA","06","California","075","San Francisco","37.765946","-122.399044"
"03/09/2023","AQS","060750005","1","26.5","ppb","25","San Francisco","23","96.0000","42602","Nitrogen dioxide (NO2)","074","41860","San Francisco-Oakland-Hayward, CA","06","California","075","San Francisco","37.765946","-122.399044"
"03/10/2023","AQS","060750005","1","12.1","ppb","11","San Francisco","23","96.0000","42602","Nitrogen dioxide (NO2)","074","41860","San Francisco-Oakland-Hayward, CA","06","California","075","San Francisco","37.765946","-122.399044"
"03/11/2023","AQS","060750005","1","21.4","ppb","20","San Francisco","23","96.0000","42602","Nitrogen dioxide (NO2)","074","41860","San Francisco-Oakland-Hayward, CA","06","California","075","San Francisco","37.765946","-122.399044"
"03/12/2023","AQS","060750005","1","8.4","ppb","8","San Francisco","23","96.0000","42602","Nitrogen dioxide (NO2)","074","41860","San Francisco-Oakland-Hayward, CA","06","California","075","San Francisco","37.765946","-122.399044"
"03/13/2023","AQS","060750005","1","12.7","ppb","11","San Francisco","23","96.0000","42602","Nitrogen dioxide (NO2)","074","41860","San Francisco-Oakland-Hayward, CA","06","California","075","San Francisco","37.765946","-122.399044"
"03/14/2023","AQS","060750005","1","8.6","ppb","8","San Francisco","20","83.0000","42602","Nitrogen dioxide (NO2)","074","41860","San Francisco-Oakland-Hayward, CA","06","California","075","San Francisco","37.765946","-122.399044"
"03/15/2023","AQS","060750005","1","33.6","ppb","31","San Francisco","23","96.0000","42602","Nitrogen dioxide (NO2)","074","41860","San Francisco-Oakland-Hayward, CA","06","California","075","San Francisco","37.765946","-122.399044"
"03/16/2023","AQS","060750005","1","18.9","ppb","17","San Francisco","23","96.0000","42602","Nitrogen dioxide (NO2)","074","41860","San Francisco-Oakland-Hayward, CA","06","California","075","San Francisco","37.765946","-122.399044"
"03/17/2023","AQS","060750005","1","20.5","ppb","19","San Francisco","23","96.0000","42602","Nitrogen dioxide (NO2)","074","41860","San Francisco-Oakland-Hayward, CA","06","California","075","San Francisco","37.765946","-122.399044"
"03/18/2023","AQS","060750005","1","23.4","ppb","22","San Francisco","23","96.0000","42602","Nitrogen dioxide (NO2)","074","41860","San Francisco-Oakland-Hayward, CA","06","California","075","San Francisco","37.765946","-122.399044"
"03/21/2023","AQS","060750005","1","16","ppb","15","San Francisco","23","96.0000","42602","Nitrogen dioxide (NO2)","074","41860","San Francisco-Oakland-Hayward, CA","06","California","075","San Francisco","37.765946","-122.399044"
"03/22/2023","AQS","060750005","1","13.2","ppb","12","San Francisco","23","96.0000","42602","Nitrogen dioxide (NO2)","074","41860","San Francisco-Oakland-Hayward, CA","06","California","075","San Francisco","37.765946","-122.399044"
"03/23/2023","AQS","060750005","1","9.4","ppb","8","San Francisco","23","96.0000","42602","Nitrogen dioxide (NO2)","074","41860","San Francisco-Oakland-Hayward, CA","06","California","075","San Francisco","37.765946","-122.399044"
"03/24/2023","AQS","060750005","1","10.4","ppb","9","San Francisco","23","96.0000","42602","Nitrogen dioxide (NO2)","074","41860","San Francisco-Oakland-Hayward, CA","06","California","075","San Francisco","37.765946","-122.399044"
"03/25/2023","AQS","060750005","1","6.4","ppb","6","San Francisco","23","96.0000","42602","Nitrogen dioxide (NO2)","074","41860","San Francisco-Oakland-Hayward, CA","06","California","075","San Francisco","37.765946","-122.399044"
"03/26/2023","AQS","060750005","1","7.8","ppb","7","San Francisco","23","96.0000","42602","Nitrogen dioxide (NO2)","074","41860","San Francisco-Oakland-Hayward, CA","06","California","075","San Francisco","37.765946","-122.399044"
"03/27/2023","AQS","060750005","1","32","ppb","30","San Francisco","23","96.0000","42602","Nitrogen dioxide (NO2)","074","41860","San Francisco-Oakland-Hayward, CA","06","California","075","San Francisco","37.765946","-122.399044"
"03/28/2023","AQS","060750005","1","11.3","ppb","10","San Francisco","23","96.0000","42602","Nitrogen dioxide (NO2)","074","41860","San Francisco-Oakland-Hayward, CA","06","California","075","San Francisco","37.765946","-122.399044"
"03/29/2023","AQS","060750005","1","20","ppb","19","San Francisco","23","96.0000","42602","Nitrogen dioxide (NO2)","074","41860","San Francisco-Oakland-Hayward, CA","06","California","075","San Francisco","37.765946","-122.399044"
"03/30/2023","AQS","060750005","1","27.9","ppb","25","San Francisco","23","96.0000","42602","Nitrogen dioxide (NO2)","074","41860","San Francisco-Oakland-Hayward, CA","06","California","075","San Francisco","37.765946","-122.399044"
"03/31/2023","AQS","060750005","1","30.2","ppb","28","San Francisco","23","96.0000","42602","Nitrogen dioxide (NO2)","074","41860","San Francisco-Oakland-Hayward, CA","06","California","075","San Francisco","37.765946","-122.399044"
"04/01/2023","AQS","060750005","1","24.3","ppb","23","San Francisco","23","96.0000","42602","Nitrogen dioxide (NO2)","074","41860","San Francisco-Oakland-Hayward, CA","06","California","075","San Francisco","37.765946","-122.399044"
"04/02/2023","AQS","060750005","1","3.5","ppb","3","San Francisco","23","96.0000","42602","Nitrogen dioxide (NO2)","074","41860","San Francisco-Oakland-Hayward, CA","06","California","075","San Francisco","37.765946","-122.399044"
"04/03/2023","AQS","060750005","1","7.8","ppb","7","San Francisco","23","96.0000","42602","Nitrogen dioxide (NO2)","074","41860","San Francisco-Oakland-Hayward, CA","06","California","075","San Francisco","37.765946","-122.399044"
"04/04/2023","AQS","060750005","1","9.2","ppb","8","San Francisco","23","96.0000","42602","Nitrogen dioxide (NO2)","074","41860","San Francisco-Oakland-Hayward, CA","06","California","075","San Francisco","37.765946","-122.399044"
"04/05/2023","AQS","060750005","1","24.5","ppb","23","San Francisco","23","96.0000","42602","Nitrogen dioxide (NO2)","074","41860","San Francisco-Oakland-Hayward, CA","06","California","075","San Francisco","37.765946","-122.399044"
"04/06/2023","AQS","060750005","1","24.6","ppb","23","San Francisco","23","96.0000","42602","Nitrogen dioxide (NO2)","074","41860","San Francisco-Oakland-Hayward, CA","06","California","075","San Francisco","37.765946","-122.399044"
"04/07/2023","AQS","060750005","1","8.7","ppb","8","San Francisco","23","96.0000","42602","Nitrogen dioxide (NO2)","074","41860","San Francisco-Oakland-Hayward, CA","06","California","075","San Francisco","37.765946","-122.399044"
"04/08/2023","AQS","060750005","1","13.2","ppb","12","San Francisco","23","96.0000","42602","Nitrogen dioxide (NO2)","074","41860","San Francisco-Oakland-Hayward, CA","06","California","075","San Francisco","37.765946","-122.399044"
"04/09/2023","AQS","060750005","1","18.2","ppb","17","San Francisco","23","96.0000","42602","Nitrogen dioxide (NO2)","074","41860","San Francisco-Oakland-Hayward, CA","06","California","075","San Francisco","37.765946","-122.399044"
"04/10/2023","AQS","060750005","1","20.4","ppb","19","San Francisco","23","96.0000","42602","Nitrogen dioxide (NO2)","074","41860","San Francisco-Oakland-Hayward, CA","06","California","075","San Francisco","37.765946","-122.399044"
"04/11/2023","AQS","060750005","1","6","ppb","6","San Francisco","23","96.0000","42602","Nitrogen dioxide (NO2)","074","41860","San Francisco-Oakland-Hayward, CA","06","California","075","San Francisco","37.765946","-122.399044"
"04/12/2023","AQS","060750005","1","8.6","ppb","8","San Francisco","23","96.0000","42602","Nitrogen dioxide (NO2)","074","41860","San Francisco-Oakland-Hayward, CA","06","California","075","San Francisco","37.765946","-122.399044"
"04/13/2023","AQS","060750005","1","22.3","ppb","21","San Francisco","23","96.0000","42602","Nitrogen dioxide (NO2)","074","41860","San Francisco-Oakland-Hayward, CA","06","California","075","San Francisco","37.765946","-122.399044"
"04/14/2023","AQS","060750005","1","8.2","ppb","8","San Francisco","23","96.0000","42602","Nitrogen dioxide (NO2)","074","41860","San Francisco-Oakland-Hayward, CA","06","California","075","San Francisco","37.765946","-122.399044"
"04/15/2023","AQS","060750005","1","3.6","ppb","3","San Francisco","23","96.0000","42602","Nitrogen dioxide (NO2)","074","41860","San Francisco-Oakland-Hayward, CA","06","California","075","San Francisco","37.765946","-122.399044"
"04/16/2023","AQS","060750005","1","3.2","ppb","3","San Francisco","23","96.0000","42602","Nitrogen dioxide (NO2)","074","41860","San Francisco-Oakland-Hayward, CA","06","California","075","San Francisco","37.765946","-122.399044"
"04/17/2023","AQS","060750005","1","5.1","ppb","5","San Francisco","23","96.0000","42602","Nitrogen dioxide (NO2)","074","41860","San Francisco-Oakland-Hayward, CA","06","California","075","San Francisco","37.765946","-122.399044"
"04/18/2023","AQS","060750005","1","12.8","ppb","11","San Francisco","23","96.0000","42602","Nitrogen dioxide (NO2)","074","41860","San Francisco-Oakland-Hayward, CA","06","California","075","San Francisco","37.765946","-122.399044"
"04/19/2023","AQS","060750005","1","12.6","ppb","11","San Francisco","23","96.0000","42602","Nitrogen dioxide (NO2)","074","41860","San Francisco-Oakland-Hayward, CA","06","California","075","San Francisco","37.765946","-122.399044"
"04/20/2023","AQS","060750005","1","32.6","ppb","30","San Francisco","23","96.0000","42602","Nitrogen dioxide (NO2)","074","41860","San Francisco-Oakland-Hayward, CA","06","California","075","San Francisco","37.765946","-122.399044"
"04/21/2023","AQS","060750005","1","29.9","ppb","27","San Francisco","23","96.0000","42602","Nitrogen dioxide (NO2)","074","41860","San Francisco-Oakland-Hayward, CA","06","California","075","San Francisco","37.765946","-122.399044"
"04/22/2023","AQS","060750005","1","9.4","ppb","8","San Francisco","23","96.0000","42602","Nitrogen dioxide (NO2)","074","41860","San Francisco-Oakland-Hayward, CA","06","California","075","San Francisco","37.765946","-122.399044"
"04/23/2023","AQS","060750005","1","6.3","ppb","6","San Francisco","23","96.0000","42602","Nitrogen dioxide (NO2)","074","41860","San Francisco-Oakland-Hayward, CA","06","California","075","San Francisco","37.765946","-122.399044"
"04/24/2023","AQS","060750005","1","13.8","ppb","12","San Francisco","23","96.0000","42602","Nitrogen dioxide (NO2)","074","41860","San Francisco-Oakland-Hayward, CA","06","California","075","San Francisco","37.765946","-122.399044"
"04/25/2023","AQS","060750005","1","18.2","ppb","17","San Francisco","23","96.0000","42602","Nitrogen dioxide (NO2)","074","41860","San Francisco-Oakland-Hayward, CA","06","California","075","San Francisco","37.765946","-122.399044"
"04/26/2023","AQS","060750005","1","16.1","ppb","15","San Francisco","23","96.0000","42602","Nitrogen dioxide (NO2)","074","41860","San Francisco-Oakland-Hayward, CA","06","California","075","San Francisco","37.765946","-122.399044"
"04/27/2023","AQS","060750005","1","25.2","ppb","24","San Francisco","23","96.0000","42602","Nitrogen dioxide (NO2)","074","41860","San Francisco-Oakland-Hayward, CA","06","California","075","San Francisco","37.765946","-122.399044"
"04/28/2023","AQS","060750005","1","8","ppb","8","San Francisco","23","96.0000","42602","Nitrogen dioxide (NO2)","074","41860","San Francisco-Oakland-Hayward, CA","06","California","075","San Francisco","37.765946","-122.399044"
"04/29/2023","AQS","060750005","1","3.8","ppb","3","San Francisco","23","96.0000","42602","Nitrogen dioxide (NO2)","074","41860","San Francisco-Oakland-Hayward, CA","06","California","075","San Francisco","37.765946","-122.399044"
"04/30/2023","AQS","060750005","1","3.7","ppb","3","San Francisco","23","96.0000","42602","Nitrogen dioxide (NO2)","074","41860","San Francisco-Oakland-Hayward, CA","06","California","075","San Francisco","37.765946","-122.399044"
"05/01/2023","AQS","060750005","1","6.5","ppb","6","San Francisco","23","96.0000","42602","Nitrogen dioxide (NO2)","074","41860","San Francisco-Oakland-Hayward, CA","06","California","075","San Francisco","37.765946","-122.399044"
"05/02/2023","AQS","060750005","1","8.4","ppb","8","San Francisco","23","96.0000","42602","Nitrogen dioxide (NO2)","074","41860","San Francisco-Oakland-Hayward, CA","06","California","075","San Francisco","37.765946","-122.399044"
"05/03/2023","AQS","060750005","1","9.2","ppb","8","San Francisco","23","96.0000","42602","Nitrogen dioxide (NO2)","074","41860","San Francisco-Oakland-Hayward, CA","06","California","075","San Francisco","37.765946","-122.399044"
"05/04/2023","AQS","060750005","1","16.3","ppb","15","San Francisco","23","96.0000","42602","Nitrogen dioxide (NO2)","074","41860","San Francisco-Oakland-Hayward, CA","06","California","075","San Francisco","37.765946","-122.399044"
"05/05/2023","AQS","060750005","1","5.7","ppb","5","San Francisco","23","96.0000","42602","Nitrogen dioxide (NO2)","074","41860","San Francisco-Oakland-Hayward, CA","06","California","075","San Francisco","37.765946","-122.399044"
"05/06/2023","AQS","060750005","1","6.9","ppb","6","San Francisco","23","96.0000","42602","Nitrogen dioxide (NO2)","074","41860","San Francisco-Oakland-Hayward, CA","06","California","075","San Francisco","37.765946","-122.399044"
"05/07/2023","AQS","060750005","1","14.3","ppb","13","San Francisco","23","96.0000","42602","Nitrogen dioxide (NO2)","074","41860","San Francisco-Oakland-Hayward, CA","06","California","075","San Francisco","37.765946","-122.399044"
"05/08/2023","AQS","060750005","1","12.4","ppb","11","San Francisco","23","96.0000","42602","Nitrogen dioxide (NO2)","074","41860","San Francisco-Oakland-Hayward, CA","06","California","075","San Francisco","37.765946","-122.399044"
"05/09/2023","AQS","060750005","1","7.7","ppb","7","San Francisco","23","96.0000","42602","Nitrogen dioxide (NO2)","074","41860","San Francisco-Oakland-Hayward, CA","06","California","075","San Francisco","37.765946","-122.399044"
"05/10/2023","AQS","060750005","1","5.2","ppb","5","San Francisco","23","96.0000","42602","Nitrogen dioxide (NO2)","074","41860","San Francisco-Oakland-Hayward, CA","06","California","075","San Francisco","37.765946","-122.399044"
"05/11/2023","AQS","060750005","1","4.4","ppb","4","San Francisco","23","96.0000","42602","Nitrogen dioxide (NO2)","074","41860","San Francisco-Oakland-Hayward, CA","06","California","075","San Francisco","37.765946","-122.399044"
"05/12/2023","AQS","060750005","1","5.1","ppb","5","San Francisco","23","96.0000","42602","Nitrogen dioxide (NO2)","074","41860","San Francisco-Oakland-Hayward, CA","06","California","075","San Francisco","37.765946","-122.399044"
"05/13/2023","AQS","060750005","1","12.3","ppb","11","San Francisco","23","96.0000","42602","Nitrogen dioxide (NO2)","074","41860","San Francisco-Oakland-Hayward, CA","06","California","075","San Francisco","37.765946","-122.399044"
"05/14/2023","AQS","060750005","1","4.5","ppb","4","San Francisco","23","96.0000","42602","Nitrogen dioxide (NO2)","074","41860","San Francisco-Oakland-Hayward, CA","06","California","075","San Francisco","37.765946","-122.399044"
"05/15/2023","AQS","060750005","1","6.5","ppb","6","San Francisco","23","96.0000","42602","Nitrogen dioxide (NO2)","074","41860","San Francisco-Oakland-Hayward, CA","06","California","075","San Francisco","37.765946","-122.399044"
"05/16/2023","AQS","060750005","1","10","ppb","9","San Francisco","23","96.0000","42602","Nitrogen dioxide (NO2)","074","41860","San Francisco-Oakland-Hayward, CA","06","California","075","San Francisco","37.765946","-122.399044"
"05/17/2023","AQS","060750005","1","4.6","ppb","4","San Francisco","23","96.0000","42602","Nitrogen dioxide (NO2)","074","41860","San Francisco-Oakland-Hayward, CA","06","California","075","San Francisco","37.765946","-122.399044"
"05/18/2023","AQS","060750005","1","4.2","ppb","4","San Francisco","23","96.0000","42602","Nitrogen dioxide (NO2)","074","41860","San Francisco-Oakland-Hayward, CA","06","California","075","San Francisco","37.765946","-122.399044"
"05/19/2023","AQS","060750005","1","4","ppb","4","San Francisco","23","96.0000","42602","Nitrogen dioxide (NO2)","074","41860","San Francisco-Oakland-Hayward, CA","06","California","075","San Francisco","37.765946","-122.399044"
"05/20/2023","AQS","060750005","1","2.8","ppb","2","San Francisco","23","96.0000","42602","Nitrogen dioxide (NO2)","074","41860","San Francisco-Oakland-Hayward, CA","06","California","075","San Francisco","37.765946","-122.399044"
"05/21/2023","AQS","060750005","1","2.3","ppb","2","San Francisco","23","96.0000","42602","Nitrogen dioxide (NO2)","074","41860","San Francisco-Oakland-Hayward, CA","06","California","075","San Francisco","37.765946","-122.399044"
"05/22/2023","AQS","060750005","1","6","ppb","6","San Francisco","23","96.0000","42602","Nitrogen dioxide (NO2)","074","41860","San Francisco-Oakland-Hayward, CA","06","California","075","San Francisco","37.765946","-122.399044"
"05/23/2023","AQS","060750005","1","5.6","ppb","5","San Francisco","23","96.0000","42602","Nitrogen dioxide (NO2)","074","41860","San Francisco-Oakland-Hayward, CA","06","California","075","San Francisco","37.765946","-122.399044"
"05/24/2023","AQS","060750005","1","6.1","ppb","6","San Francisco","23","96.0000","42602","Nitrogen dioxide (NO2)","074","41860","San Francisco-Oakland-Hayward, CA","06","California","075","San Francisco","37.765946","-122.399044"
"05/25/2023","AQS","060750005","1","3.8","ppb","3","San Francisco","23","96.0000","42602","Nitrogen dioxide (NO2)","074","41860","San Francisco-Oakland-Hayward, CA","06","California","075","San Francisco","37.765946","-122.399044"
"05/26/2023","AQS","060750005","1","6.5","ppb","6","San Francisco","23","96.0000","42602","Nitrogen dioxide (NO2)","074","41860","San Francisco-Oakland-Hayward, CA","06","California","075","San Francisco","37.765946","-122.399044"
"05/27/2023","AQS","060750005","1","2.9","ppb","2","San Francisco","23","96.0000","42602","Nitrogen dioxide (NO2)","074","41860","San Francisco-Oakland-Hayward, CA","06","California","075","San Francisco","37.765946","-122.399044"
"05/28/2023","AQS","060750005","1","2.5","ppb","2","San Francisco","23","96.0000","42602","Nitrogen dioxide (NO2)","074","41860","San Francisco-Oakland-Hayward, CA","06","California","075","San Francisco","37.765946","-122.399044"
"05/29/2023","AQS","060750005","1","3.1","ppb","3","San Francisco","23","96.0000","42602","Nitrogen dioxide (NO2)","074","41860","San Francisco-Oakland-Hayward, CA","06","California","075","San Francisco","37.765946","-122.399044"
"05/30/2023","AQS","060750005","1","4.6","ppb","4","San Francisco","23","96.0000","42602","Nitrogen dioxide (NO2)","074","41860","San Francisco-Oakland-Hayward, CA","06","California","075","San Francisco","37.765946","-122.399044"
"05/31/2023","AQS","060750005","1","5.3","ppb","5","San Francisco","23","96.0000","42602","Nitrogen dioxide (NO2)","074","41860","San Francisco-Oakland-Hayward, CA","06","California","075","San Francisco","37.765946","-122.399044"
"06/01/2023","AQS","060750005","1","4.6","ppb","4","San Francisco","23","96.0000","42602","Nitrogen dioxide (NO2)","074","41860","San Francisco-Oakland-Hayward, CA","06","California","075","San Francisco","37.765946","-122.399044"
"06/02/2023","AQS","060750005","1","4","ppb","4","San Francisco","23","96.0000","42602","Nitrogen dioxide (NO2)","074","41860","San Francisco-Oakland-Hayward, CA","06","California","075","San Francisco","37.765946","-122.399044"
"06/03/2023","AQS","060750005","1","6.1","ppb","6","San Francisco","23","96.0000","42602","Nitrogen dioxide (NO2)","074","41860","San Francisco-Oakland-Hayward, CA","06","California","075","San Francisco","37.765946","-122.399044"
"06/04/2023","AQS","060750005","1","2.1","ppb","2","San Francisco","23","96.0000","42602","Nitrogen dioxide (NO2)","074","41860","San Francisco-Oakland-Hayward, CA","06","California","075","San Francisco","37.765946","-122.399044"
"06/05/2023","AQS","060750005","1","4.9","ppb","4","San Francisco","23","96.0000","42602","Nitrogen dioxide (NO2)","074","41860","San Francisco-Oakland-Hayward, CA","06","California","075","San Francisco","37.765946","-122.399044"
"06/06/2023","AQS","060750005","1","6.7","ppb","6","San Francisco","23","96.0000","42602","Nitrogen dioxide (NO2)","074","41860","San Francisco-Oakland-Hayward, CA","06","California","075","San Francisco","37.765946","-122.399044"
"06/07/2023","AQS","060750005","1","4.8","ppb","4","San Francisco","23","96.0000","42602","Nitrogen dioxide (NO2)","074","41860","San Francisco-Oakland-Hayward, CA","06","California","075","San Francisco","37.765946","-122.399044"
"06/08/2023","AQS","060750005","1","12.3","ppb","11","San Francisco","18","75.0000","42602","Nitrogen dioxide (NO2)","074","41860","San Francisco-Oakland-Hayward, CA","06","California","075","San Francisco","37.765946","-122.399044"
"06/09/2023","AQS","060750005","1","3.3","ppb","3","San Francisco","23","96.0000","42602","Nitrogen dioxide (NO2)","074","41860","San Francisco-Oakland-Hayward, CA","06","California","075","San Francisco","37.765946","-122.399044"
"06/10/2023","AQS","060750005","1","3.3","ppb","3","San Francisco","23","96.0000","42602","Nitrogen dioxide (NO2)","074","41860","San Francisco-Oakland-Hayward, CA","06","California","075","San Francisco","37.765946","-122.399044"
"06/11/2023","AQS","060750005","1","2.1","ppb","2","San Francisco","23","96.0000","42602","Nitrogen dioxide (NO2)","074","41860","San Francisco-Oakland-Hayward, CA","06","California","075","San Francisco","37.765946","-122.399044"
"06/12/2023","AQS","060750005","1","4.6","ppb","4","San Francisco","23","96.0000","42602","Nitrogen dioxide (NO2)","074","41860","San Francisco-Oakland-Hayward, CA","06","California","075","San Francisco","37.765946","-122.399044"
"06/13/2023","AQS","060750005","1","4.6","ppb","4","San Francisco","23","96.0000","42602","Nitrogen dioxide (NO2)","074","41860","San Francisco-Oakland-Hayward, CA","06","California","075","San Francisco","37.765946","-122.399044"
"06/14/2023","AQS","060750005","1","3.6","ppb","3","San Francisco","23","96.0000","42602","Nitrogen dioxide (NO2)","074","41860","San Francisco-Oakland-Hayward, CA","06","California","075","San Francisco","37.765946","-122.399044"
"06/15/2023","AQS","060750005","1","7.5","ppb","7","San Francisco","23","96.0000","42602","Nitrogen dioxide (NO2)","074","41860","San Francisco-Oakland-Hayward, CA","06","California","075","San Francisco","37.765946","-122.399044"
"06/16/2023","AQS","060750005","1","5.3","ppb","5","San Francisco","23","96.0000","42602","Nitrogen dioxide (NO2)","074","41860","San Francisco-Oakland-Hayward, CA","06","California","075","San Francisco","37.765946","-122.399044"
"06/17/2023","AQS","060750005","1","3.1","ppb","3","San Francisco","23","96.0000","42602","Nitrogen dioxide (NO2)","074","41860","San Francisco-Oakland-Hayward, CA","06","California","075","San Francisco","37.765946","-122.399044"
"06/18/2023","AQS","060750005","1","1.8","ppb","1","San Francisco","23","96.0000","42602","Nitrogen dioxide (NO2)","074","41860","San Francisco-Oakland-Hayward, CA","06","California","075","San Francisco","37.765946","-122.399044"
"06/19/2023","AQS","060750005","1","4","ppb","4","San Francisco","23","96.0000","42602","Nitrogen dioxide (NO2)","074","41860","San Francisco-Oakland-Hayward, CA","06","California","075","San Francisco","37.765946","-122.399044"
"06/20/2023","AQS","060750005","1","13.7","ppb","12","San Francisco","23","96.0000","42602","Nitrogen dioxide (NO2)","074","41860","San Francisco-Oakland-Hayward, CA","06","California","075","San Francisco","37.765946","-122.399044"
"06/21/2023","AQS","060750005","1","4.6","ppb","4","San Francisco","23","96.0000","42602","Nitrogen dioxide (NO2)","074","41860","San Francisco-Oakland-Hayward, CA","06","California","075","San Francisco","37.765946","-122.399044"
"06/22/2023","AQS","060750005","1","3.6","ppb","3","San Francisco","23","96.0000","42602","Nitrogen dioxide (NO2)","074","41860","San Francisco-Oakland-Hayward, CA","06","California","075","San Francisco","37.765946","-122.399044"
"06/23/2023","AQS","060750005","1","3.9","ppb","3","San Francisco","23","96.0000","42602","Nitrogen dioxide (NO2)","074","41860","San Francisco-Oakland-Hayward, CA","06","California","075","San Francisco","37.765946","-122.399044"
"06/24/2023","AQS","060750005","1","2.3","ppb","2","San Francisco","23","96.0000","42602","Nitrogen dioxide (NO2)","074","41860","San Francisco-Oakland-Hayward, CA","06","California","075","San Francisco","37.765946","-122.399044"
"06/25/2023","AQS","060750005","1","2.3","ppb","2","San Francisco","23","96.0000","42602","Nitrogen dioxide (NO2)","074","41860","San Francisco-Oakland-Hayward, CA","06","California","075","San Francisco","37.765946","-122.399044"
"06/29/2023","AQS","060750005","1","5.1","ppb","5","San Francisco","23","96.0000","42602","Nitrogen dioxide (NO2)","074","41860","San Francisco-Oakland-Hayward, CA","06","California","075","San Francisco","37.765946","-122.399044"
"06/30/2023","AQS","060750005","1","7.5","ppb","7","San Francisco","23","96.0000","42602","Nitrogen dioxide (NO2)","074","41860","San Francisco-Oakland-Hayward, CA","06","California","075","San Francisco","37.765946","-122.399044"
"07/01/2023","AQS","060750005","1","9.3","ppb","8","San Francisco","23","96.0000","42602","Nitrogen dioxide (NO2)","074","41860","San Francisco-Oakland-Hayward, CA","06","California","075","San Francisco","37.765946","-122.399044"
"07/02/2023","AQS","060750005","1","9.4","ppb","8","San Francisco","23","96.0000","42602","Nitrogen dioxide (NO2)","074","41860","San Francisco-Oakland-Hayward, CA","06","California","075","San Francisco","37.765946","-122.399044"
"07/03/2023","AQS","060750005","1","3","ppb","3","San Francisco","23","96.0000","42602","Nitrogen dioxide (NO2)","074","41860","San Francisco-Oakland-Hayward, CA","06","California","075","San Francisco","37.765946","-122.399044"
"07/04/2023","AQS","060750005","1","2.2","ppb","2","San Francisco","23","96.0000","42602","Nitrogen dioxide (NO2)","074","41860","San Francisco-Oakland-Hayward, CA","06","California","075","San Francisco","37.765946","-122.399044"
"07/05/2023","AQS","060750005","1","3.9","ppb","3","San Francisco","23","96.0000","42602","Nitrogen dioxide (NO2)","074","41860","San Francisco-Oakland-Hayward, CA","06","California","075","San Francisco","37.765946","-122.399044"
"07/06/2023","AQS","060750005","1","4.4","ppb","4","San Francisco","23","96.0000","42602","Nitrogen dioxide (NO2)","074","41860","San Francisco-Oakland-Hayward, CA","06","California","075","San Francisco","37.765946","-122.399044"
"07/07/2023","AQS","060750005","1","3.8","ppb","3","San Francisco","23","96.0000","42602","Nitrogen dioxide (NO2)","074","41860","San Francisco-Oakland-Hayward, CA","06","California","075","San Francisco","37.765946","-122.399044"
"07/08/2023","AQS","060750005","1","2.9","ppb","2","San Francisco","23","96.0000","42602","Nitrogen dioxide (NO2)","074","41860","San Francisco-Oakland-Hayward, CA","06","California","075","San Francisco","37.765946","-122.399044"
"07/09/2023","AQS","060750005","1","2.4","ppb","2","San Francisco","23","96.0000","42602","Nitrogen dioxide (NO2)","074","41860","San Francisco-Oakland-Hayward, CA","06","California","075","San Francisco","37.765946","-122.399044"
"07/10/2023","AQS","060750005","1","3.7","ppb","3","San Francisco","23","96.0000","42602","Nitrogen dioxide (NO2)","074","41860","San Francisco-Oakland-Hayward, CA","06","California","075","San Francisco","37.765946","-122.399044"
"07/11/2023","AQS","060750005","1","4.2","ppb","4","San Francisco","23","96.0000","42602","Nitrogen dioxide (NO2)","074","41860","San Francisco-Oakland-Hayward, CA","06","California","075","San Francisco","37.765946","-122.399044"
"07/12/2023","AQS","060750005","1","3.3","ppb","3","San Francisco","23","96.0000","42602","Nitrogen dioxide (NO2)","074","41860","San Francisco-Oakland-Hayward, CA","06","California","075","San Francisco","37.765946","-122.399044"
"07/14/2023","AQS","060750005","1","6.2","ppb","6","San Francisco","23","96.0000","42602","Nitrogen dioxide (NO2)","074","41860","San Francisco-Oakland-Hayward, CA","06","California","075","San Francisco","37.765946","-122.399044"
"07/15/2023","AQS","060750005","1","6.2","ppb","6","San Francisco","23","96.0000","42602","Nitrogen dioxide (NO2)","074","41860","San Francisco-Oakland-Hayward, CA","06","California","075","San Francisco","37.765946","-122.399044"
"07/16/2023","AQS","060750005","1","5.1","ppb","5","San Francisco","23","96.0000","42602","Nitrogen dioxide (NO2)","074","41860","San Francisco-Oakland-Hayward, CA","06","California","075","San Francisco","37.765946","-122.399044"
"07/17/2023","AQS","060750005","1","7.6","ppb","7","San Francisco","23","96.0000","42602","Nitrogen dioxide (NO2)","074","41860","San Francisco-Oakland-Hayward, CA","06","California","075","San Francisco","37.765946","-122.399044"
"07/18/2023","AQS","060750005","1","3","ppb","3","San Francisco","23","96.0000","42602","Nitrogen dioxide (NO2)","074","41860","San Francisco-Oakland-Hayward, CA","06","California","075","San Francisco","37.765946","-122.399044"
"07/19/2023","AQS","060750005","1","3.6","ppb","3","San Francisco","23","96.0000","42602","Nitrogen dioxide (NO2)","074","41860","San Francisco-Oakland-Hayward, CA","06","California","075","San Francisco","37.765946","-122.399044"
"07/20/2023","AQS","060750005","1","10.5","ppb","9","San Francisco","23","96.0000","42602","Nitrogen dioxide (NO2)","074","41860","San Francisco-Oakland-Hayward, CA","06","California","075","San Francisco","37.765946","-122.399044"
"07/21/2023","AQS","060750005","1","5","ppb","5","San Francisco","23","96.0000","42602","Nitrogen dioxide (NO2)","074","41860","San Francisco-Oakland-Hayward, CA","06","California","075","San Francisco","37.765946","-122.399044"
"07/22/2023","AQS","060750005","1","6.4","ppb","6","San Francisco","23","96.0000","42602","Nitrogen dioxide (NO2)","074","41860","San Francisco-Oakland-Hayward, CA","06","California","075","San Francisco","37.765946","-122.399044"
"07/23/2023","AQS","060750005","1","2.5","ppb","2","San Francisco","23","96.0000","42602","Nitrogen dioxide (NO2)","074","41860","San Francisco-Oakland-Hayward, CA","06","California","075","San Francisco","37.765946","-122.399044"
"07/24/2023","AQS","060750005","1","3.5","ppb","3","San Francisco","23","96.0000","42602","Nitrogen dioxide (NO2)","074","41860","San Francisco-Oakland-Hayward, CA","06","California","075","San Francisco","37.765946","-122.399044"
"07/25/2023","AQS","060750005","1","4.8","ppb","4","San Francisco","23","96.0000","42602","Nitrogen dioxide (NO2)","074","41860","San Francisco-Oakland-Hayward, CA","06","California","075","San Francisco","37.765946","-122.399044"
"07/26/2023","AQS","060750005","1","3.4","ppb","3","San Francisco","23","96.0000","42602","Nitrogen dioxide (NO2)","074","41860","San Francisco-Oakland-Hayward, CA","06","California","075","San Francisco","37.765946","-122.399044"
"07/27/2023","AQS","060750005","1","3.3","ppb","3","San Francisco","23","96.0000","42602","Nitrogen dioxide (NO2)","074","41860","San Francisco-Oakland-Hayward, CA","06","California","075","San Francisco","37.765946","-122.399044"
"07/28/2023","AQS","060750005","1","3.6","ppb","3","San Francisco","23","96.0000","42602","Nitrogen dioxide (NO2)","074","41860","San Francisco-Oakland-Hayward, CA","06","California","075","San Francisco","37.765946","-122.399044"
"07/29/2023","AQS","060750005","1","2.7","ppb","2","San Francisco","23","96.0000","42602","Nitrogen dioxide (NO2)","074","41860","San Francisco-Oakland-Hayward, CA","06","California","075","San Francisco","37.765946","-122.399044"
"07/30/2023","AQS","060750005","1","4.4","ppb","4","San Francisco","23","96.0000","42602","Nitrogen dioxide (NO2)","074","41860","San Francisco-Oakland-Hayward, CA","06","California","075","San Francisco","37.765946","-122.399044"
"07/31/2023","AQS","060750005","1","3.5","ppb","3","San Francisco","23","96.0000","42602","Nitrogen dioxide (NO2)","074","41860","San Francisco-Oakland-Hayward, CA","06","California","075","San Francisco","37.765946","-122.399044"
"08/01/2023","AQS","060750005","1","3.6","ppb","3","San Francisco","23","96.0000","42602","Nitrogen dioxide (NO2)","074","41860","San Francisco-Oakland-Hayward, CA","06","California","075","San Francisco","37.765946","-122.399044"
"08/02/2023","AQS","060750005","1","3","ppb","3","San Francisco","23","96.0000","42602","Nitrogen dioxide (NO2)","074","41860","San Francisco-Oakland-Hayward, CA","06","California","075","San Francisco","37.765946","-122.399044"
"08/03/2023","AQS","060750005","1","4.2","ppb","4","San Francisco","23","96.0000","42602","Nitrogen dioxide (NO2)","074","41860","San Francisco-Oakland-Hayward, CA","06","California","075","San Francisco","37.765946","-122.399044"
"08/04/2023","AQS","060750005","1","3.1","ppb","3","San Francisco","23","96.0000","42602","Nitrogen dioxide (NO2)","074","41860","San Francisco-Oakland-Hayward, CA","06","California","075","San Francisco","37.765946","-122.399044"
"08/05/2023","AQS","060750005","1","7.1","ppb","7","San Francisco","23","96.0000","42602","Nitrogen dioxide (NO2)","074","41860","San Francisco-Oakland-Hayward, CA","06","California","075","San Francisco","37.765946","-122.399044"
"08/06/2023","AQS","060750005","1","10.6","ppb","9","San Francisco","23","96.0000","42602","Nitrogen dioxide (NO2)","074","41860","San Francisco-Oakland-Hayward, CA","06","California","075","San Francisco","37.765946","-122.399044"
"08/07/2023","AQS","060750005","1","16.4","ppb","15","San Francisco","23","96.0000","42602","Nitrogen dioxide (NO2)","074","41860","San Francisco-Oakland-Hayward, CA","06","California","075","San Francisco","37.765946","-122.399044"
"08/08/2023","AQS","060750005","1","3","ppb","3","San Francisco","23","96.0000","42602","Nitrogen dioxide (NO2)","074","41860","San Francisco-Oakland-Hayward, CA","06","California","075","San Francisco","37.765946","-122.399044"
"08/09/2023","AQS","060750005","1","6.8","ppb","6","San Francisco","23","96.0000","42602","Nitrogen dioxide (NO2)","074","41860","San Francisco-Oakland-Hayward, CA","06","California","075","San Francisco","37.765946","-122.399044"
"08/10/2023","AQS","060750005","1","3.7","ppb","3","San Francisco","23","96.0000","42602","Nitrogen dioxide (NO2)","074","41860","San Francisco-Oakland-Hayward, CA","06","California","075","San Francisco","37.765946","-122.399044"
"08/11/2023","AQS","060750005","1","3.3","ppb","3","San Francisco","23","96.0000","42602","Nitrogen dioxide (NO2)","074","41860","San Francisco-Oakland-Hayward, CA","06","California","075","San Francisco","37.765946","-122.399044"
"08/12/2023","AQS","060750005","1","4.8","ppb","4","San Francisco","23","96.0000","42602","Nitrogen dioxide (NO2)","074","41860","San Francisco-Oakland-Hayward, CA","06","California","075","San Francisco","37.765946","-122.399044"
"08/13/2023","AQS","060750005","1","7.9","ppb","7","San Francisco","23","96.0000","42602","Nitrogen dioxide (NO2)","074","41860","San Francisco-Oakland-Hayward, CA","06","California","075","San Francisco","37.765946","-122.399044"
"08/14/2023","AQS","060750005","1","14.7","ppb","13","San Francisco","23","96.0000","42602","Nitrogen dioxide (NO2)","074","41860","San Francisco-Oakland-Hayward, CA","06","California","075","San Francisco","37.765946","-122.399044"
"08/15/2023","AQS","060750005","1","12.5","ppb","11","San Francisco","23","96.0000","42602","Nitrogen dioxide (NO2)","074","41860","San Francisco-Oakland-Hayward, CA","06","California","075","San Francisco","37.765946","-122.399044"
"08/16/2023","AQS","060750005","1","11.7","ppb","10","San Francisco","23","96.0000","42602","Nitrogen dioxide (NO2)","074","41860","San Francisco-Oakland-Hayward, CA","06","California","075","San Francisco","37.765946","-122.399044"
"08/17/2023","AQS","060750005","1","4.7","ppb","4","San Francisco","23","96.0000","42602","Nitrogen dioxide (NO2)","074","41860","San Francisco-Oakland-Hayward, CA","06","California","075","San Francisco","37.765946","-122.399044"
"08/18/2023","AQS","060750005","1","3","ppb","3","San Francisco","23","96.0000","42602","Nitrogen dioxide (NO2)","074","41860","San Francisco-Oakland-Hayward, CA","06","California","075","San Francisco","37.765946","-122.399044"
"08/19/2023","AQS","060750005","1","2.6","ppb","2","San Francisco","23","96.0000","42602","Nitrogen dioxide (NO2)","074","41860","San Francisco-Oakland-Hayward, CA","06","California","075","San Francisco","37.765946","-122.399044"
"08/20/2023","AQS","060750005","1","5.4","ppb","5","San Francisco","23","96.0000","42602","Nitrogen dioxide (NO2)","074","41860","San Francisco-Oakland-Hayward, CA","06","California","075","San Francisco","37.765946","-122.399044"
"08/21/2023","AQS","060750005","1","7.3","ppb","7","San Francisco","23","96.0000","42602","Nitrogen dioxide (NO2)","074","41860","San Francisco-Oakland-Hayward, CA","06","California","075","San Francisco","37.765946","-122.399044"
"08/22/2023","AQS","060750005","1","7.7","ppb","7","San Francisco","23","96.0000","42602","Nitrogen dioxide (NO2)","074","41860","San Francisco-Oakland-Hayward, CA","06","California","075","San Francisco","37.765946","-122.399044"
"08/23/2023","AQS","060750005","1","19.5","ppb","18","San Francisco","23","96.0000","42602","Nitrogen dioxide (NO2)","074","41860","San Francisco-Oakland-Hayward, CA","06","California","075","San Francisco","37.765946","-122.399044"
"08/24/2023","AQS","060750005","1","9.3","ppb","8","San Francisco","23","96.0000","42602","Nitrogen dioxide (NO2)","074","41860","San Francisco-Oakland-Hayward, CA","06","California","075","San Francisco","37.765946","-122.399044"
"08/25/2023","AQS","060750005","1","4.5","ppb","4","San Francisco","23","96.0000","42602","Nitrogen dioxide (NO2)","074","41860","San Francisco-Oakland-Hayward, CA","06","California","075","San Francisco","37.765946","-122.399044"
"08/26/2023","AQS","060750005","1","3.6","ppb","3","San Francisco","23","96.0000","42602","Nitrogen dioxide (NO2)","074","41860","San Francisco-Oakland-Hayward, CA","06","California","075","San Francisco","37.765946","-122.399044"
"08/27/2023","AQS","060750005","1","4.1","ppb","4","San Francisco","23","96.0000","42602","Nitrogen dioxide (NO2)","074","41860","San Francisco-Oakland-Hayward, CA","06","California","075","San Francisco","37.765946","-122.399044"
"08/28/2023","AQS","060750005","1","6.2","ppb","6","San Francisco","23","96.0000","42602","Nitrogen dioxide (NO2)","074","41860","San Francisco-Oakland-Hayward, CA","06","California","075","San Francisco","37.765946","-122.399044"
"08/29/2023","AQS","060750005","1","11.4","ppb","10","San Francisco","23","96.0000","42602","Nitrogen dioxide (NO2)","074","41860","San Francisco-Oakland-Hayward, CA","06","California","075","San Francisco","37.765946","-122.399044"
"08/30/2023","AQS","060750005","1","24.9","ppb","23","San Francisco","23","96.0000","42602","Nitrogen dioxide (NO2)","074","41860","San Francisco-Oakland-Hayward, CA","06","California","075","San Francisco","37.765946","-122.399044"
"08/31/2023","AQS","060750005","1","4.7","ppb","4","San Francisco","23","96.0000","42602","Nitrogen dioxide (NO2)","074","41860","San Francisco-Oakland-Hayward, CA","06","California","075","San Francisco","37.765946","-122.399044"
"09/01/2023","AQS","060750005","1","5.1","ppb","5","San Francisco","19","79.0000","42602","Nitrogen dioxide (NO2)","074","41860","San Francisco-Oakland-Hayward, CA","06","California","075","San Francisco","37.765946","-122.399044"
"09/02/2023","AQS","060750005","1","8.4","ppb","8","San Francisco","23","96.0000","42602","Nitrogen dioxide (NO2)","074","41860","San Francisco-Oakland-Hayward, CA","06","California","075","San Francisco","37.765946","-122.399044"
"09/03/2023","AQS","060750005","1","3.6","ppb","3","San Francisco","23","96.0000","42602","Nitrogen dioxide (NO2)","074","41860","San Francisco-Oakland-Hayward, CA","06","California","075","San Francisco","37.765946","-122.399044"
"09/04/2023","AQS","060750005","1","2.7","ppb","2","San Francisco","23","96.0000","42602","Nitrogen dioxide (NO2)","074","41860","San Francisco-Oakland-Hayward, CA","06","California","075","San Francisco","37.765946","-122.399044"
"09/05/2023","AQS","060750005","1","7","ppb","7","San Francisco","23","96.0000","42602","Nitrogen dioxide (NO2)","074","41860","San Francisco-Oakland-Hayward, CA","06","California","075","San Francisco","37.765946","-122.399044"
"09/06/2023","AQS","060750005","1","8.3","ppb","8","San Francisco","23","96.0000","42602","Nitrogen dioxide (NO2)","074","41860","San Francisco-Oakland-Hayward, CA","06","California","075","San Francisco","37.765946","-122.399044"
"09/07/2023","AQS","060750005","1","4.7","ppb","4","San Francisco","23","96.0000","42602","Nitrogen dioxide (NO2)","074","41860","San Francisco-Oakland-Hayward, CA","06","California","075","San Francisco","37.765946","-122.399044"
"09/08/2023","AQS","060750005","1","12.3","ppb","11","San Francisco","23","96.0000","42602","Nitrogen dioxide (NO2)","074","41860","San Francisco-Oakland-Hayward, CA","06","California","075","San Francisco","37.765946","-122.399044"
"09/09/2023","AQS","060750005","1","4.3","ppb","4","San Francisco","23","96.0000","42602","Nitrogen dioxide (NO2)","074","41860","San Francisco-Oakland-Hayward, CA","06","California","075","San Francisco","37.765946","-122.399044"
"09/10/2023","AQS","060750005","1","3.7","ppb","3","San Francisco","23","96.0000","42602","Nitrogen dioxide (NO2)","074","41860","San Francisco-Oakland-Hayward, CA","06","California","075","San Francisco","37.765946","-122.399044"
"09/11/2023","AQS","060750005","1","5.8","ppb","5","San Francisco","23","96.0000","42602","Nitrogen dioxide (NO2)","074","41860","San Francisco-Oakland-Hayward, CA","06","California","075","San Francisco","37.765946","-122.399044"
"09/12/2023","AQS","060750005","1","4.7","ppb","4","San Francisco","19","79.0000","42602","Nitrogen dioxide (NO2)","074","41860","San Francisco-Oakland-Hayward, CA","06","California","075","San Francisco","37.765946","-122.399044"
"09/13/2023","AQS","060750005","1","4.3","ppb","4","San Francisco","23","96.0000","42602","Nitrogen dioxide (NO2)","074","41860","San Francisco-Oakland-Hayward, CA","06","California","075","San Francisco","37.765946","-122.399044"
"09/14/2023","AQS","060750005","1","8.6","ppb","8","San Francisco","23","96.0000","42602","Nitrogen dioxide (NO2)","074","41860","San Francisco-Oakland-Hayward, CA","06","California","075","San Francisco","37.765946","-122.399044"
"09/15/2023","AQS","060750005","1","4.2","ppb","4","San Francisco","23","96.0000","42602","Nitrogen dioxide (NO2)","074","41860","San Francisco-Oakland-Hayward, CA","06","California","075","San Francisco","37.765946","-122.399044"
"09/16/2023","AQS","060750005","1","4","ppb","4","San Francisco","23","96.0000","42602","Nitrogen dioxide (NO2)","074","41860","San Francisco-Oakland-Hayward, CA","06","California","075","San Francisco","37.765946","-122.399044"
"09/17/2023","AQS","060750005","1","4","ppb","4","San Francisco","23","96.0000","42602","Nitrogen dioxide (NO2)","074","41860","San Francisco-Oakland-Hayward, CA","06","California","075","San Francisco","37.765946","-122.399044"
"09/18/2023","AQS","060750005","1","6.3","ppb","6","San Francisco","23","96.0000","42602","Nitrogen dioxide (NO2)","074","41860","San Francisco-Oakland-Hayward, CA","06","California","075","San Francisco","37.765946","-122.399044"
"09/19/2023","AQS","060750005","1","5.6","ppb","5","San Francisco","23","96.0000","42602","Nitrogen dioxide (NO2)","074","41860","San Francisco-Oakland-Hayward, CA","06","California","075","San Francisco","37.765946","-122.399044"
"09/20/2023","AQS","060750005","1","9.1","ppb","8","San Francisco","23","96.0000","42602","Nitrogen dioxide (NO2)","074","41860","San Francisco-Oakland-Hayward, CA","06","California","075","San Francisco","37.765946","-122.399044"
"09/21/2023","AQS","060750005","1","24.9","ppb","23","San Francisco","23","96.0000","42602","Nitrogen dioxide (NO2)","074","41860","San Francisco-Oakland-Hayward, CA","06","California","075","San Francisco","37.765946","-122.399044"
"09/22/2023","AQS","060750005","1","10.6","ppb","9","San Francisco","23","96.0000","42602","Nitrogen dioxide (NO2)","074","41860","San Francisco-Oakland-Hayward, CA","06","California","075","San Francisco","37.765946","-122.399044"
"09/23/2023","AQS","060750005","1","7.9","ppb","7","San Francisco","23","96.0000","42602","Nitrogen dioxide (NO2)","074","41860","San Francisco-Oakland-Hayward, CA","06","California","075","San Francisco","37.765946","-122.399044"
"09/24/2023","AQS","060750005","1","6.4","ppb","6","San Francisco","23","96.0000","42602","Nitrogen dioxide (NO2)","074","41860","San Francisco-Oakland-Hayward, CA","06","California","075","San Francisco","37.765946","-122.399044"
"09/25/2023","AQS","060750005","1","12.8","ppb","11","San Francisco","23","96.0000","42602","Nitrogen dioxide (NO2)","074","41860","San Francisco-Oakland-Hayward, CA","06","California","075","San Francisco","37.765946","-122.399044"
"09/26/2023","AQS","060750005","1","8.9","ppb","8","San Francisco","23","96.0000","42602","Nitrogen dioxide (NO2)","074","41860","San Francisco-Oakland-Hayward, CA","06","California","075","San Francisco","37.765946","-122.399044"
"09/27/2023","AQS","060750005","1","21.5","ppb","20","San Francisco","23","96.0000","42602","Nitrogen dioxide (NO2)","074","41860","San Francisco-Oakland-Hayward, CA","06","California","075","San Francisco","37.765946","-122.399044"
"09/28/2023","AQS","060750005","1","20.6","ppb","19","San Francisco","23","96.0000","42602","Nitrogen dioxide (NO2)","074","41860","San Francisco-Oakland-Hayward, CA","06","California","075","San Francisco","37.765946","-122.399044"
"09/29/2023","AQS","060750005","1","10.1","ppb","9","San Francisco","23","96.0000","42602","Nitrogen dioxide (NO2)","074","41860","San Francisco-Oakland-Hayward, CA","06","California","075","San Francisco","37.765946","-122.399044"
"09/30/2023","AQS","060750005","1","6.1","ppb","6","San Francisco","23","96.0000","42602","Nitrogen dioxide (NO2)","074","41860","San Francisco-Oakland-Hayward, CA","06","California","075","San Francisco","37.765946","-122.399044"
"10/01/2023","AQS","060750005","1","11.8","ppb","10","San Francisco","23","96.0000","42602","Nitrogen dioxide (NO2)","074","41860","San Francisco-Oakland-Hayward, CA","06","California","075","San Francisco","37.765946","-122.399044"
"10/02/2023","AQS","060750005","1","8.9","ppb","8","San Francisco","23","96.0000","42602","Nitrogen dioxide (NO2)","074","41860","San Francisco-Oakland-Hayward, CA","06","California","075","San Francisco","37.765946","-122.399044"
"10/03/2023","AQS","060750005","1","24.5","ppb","23","San Francisco","23","96.0000","42602","Nitrogen dioxide (NO2)","074","41860","San Francisco-Oakland-Hayward, CA","06","California","075","San Francisco","37.765946","-122.399044"
"10/04/2023","AQS","060750005","1","40.3","ppb","38","San Francisco","23","96.0000","42602","Nitrogen dioxide (NO2)","074","41860","San Francisco-Oakland-Hayward, CA","06","California","075","San Francisco","37.765946","-122.399044"
"10/05/2023","AQS","060750005","1","34.9","ppb","32","San Francisco","22","92.0000","42602","Nitrogen dioxide (NO2)","074","41860","San Francisco-Oakland-Hayward, CA","06","California","075","San Francisco","37.765946","-122.399044"
"10/06/2023","AQS","060750005","1","35.6","ppb","33","San Francisco","23","96.0000","42602","Nitrogen dioxide (NO2)","074","41860","San Francisco-Oakland-Hayward, CA","06","California","075","San Francisco","37.765946","-122.399044"
"10/07/2023","AQS","060750005","1","27.1","ppb","25","San Francisco","23","96.0000","42602","Nitrogen dioxide (NO2)","074","41860","San Francisco-Oakland-Hayward, CA","06","California","075","San Francisco","37.765946","-122.399044"
"10/08/2023","AQS","060750005","1","4.6","ppb","4","San Francisco","23","96.0000","42602","Nitrogen dioxide (NO2)","074","41860","San Francisco-Oakland-Hayward, CA","06","California","075","San Francisco","37.765946","-122.399044"
"10/09/2023","AQS","060750005","1","12.3","ppb","11","San Francisco","23","96.0000","42602","Nitrogen dioxide (NO2)","074","41860","San Francisco-Oakland-Hayward, CA","06","California","075","San Francisco","37.765946","-122.399044"
"10/10/2023","AQS","060750005","1","6.5","ppb","6","San Francisco","23","96.0000","42602","Nitrogen dioxide (NO2)","074","41860","San Francisco-Oakland-Hayward, CA","06","California","075","San Francisco","37.765946","-122.399044"
"10/11/2023","AQS","060750005","1","18.2","ppb","17","San Francisco","23","96.0000","42602","Nitrogen dioxide (NO2)","074","41860","San Francisco-Oakland-Hayward, CA","06","California","075","San Francisco","37.765946","-122.399044"
"10/12/2023","AQS","060750005","1","20.9","ppb","19","San Francisco","23","96.0000","42602","Nitrogen dioxide (NO2)","074","41860","San Francisco-Oakland-Hayward, CA","06","California","075","San Francisco","37.765946","-122.399044"
"10/13/2023","AQS","060750005","1","24.1","ppb","23","San Francisco","23","96.0000","42602","Nitrogen dioxide (NO2)","074","41860","San Francisco-Oakland-Hayward, CA","06","California","075","San Francisco","37.765946","-122.399044"
"10/14/2023","AQS","060750005","1","23.8","ppb","22","San Francisco","23","96.0000","42602","Nitrogen dioxide (NO2)","074","41860","San Francisco-Oakland-Hayward, CA","06","California","075","San Francisco","37.765946","-122.399044"
"10/15/2023","AQS","060750005","1","12.7","ppb","11","San Francisco","23","96.0000","42602","Nitrogen dioxide (NO2)","074","41860","San Francisco-Oakland-Hayward, CA","06","California","075","San Francisco","37.765946","-122.399044"
"10/16/2023","AQS","060750005","1","22.1","ppb","21","San Francisco","23","96.0000","42602","Nitrogen dioxide (NO2)","074","41860","San Francisco-Oakland-Hayward, CA","06","California","075","San Francisco","37.765946","-122.399044"
"10/17/2023","AQS","060750005","1","14.5","ppb","13","San Francisco","23","96.0000","42602","Nitrogen dioxide (NO2)","074","41860","San Francisco-Oakland-Hayward, CA","06","California","075","San Francisco","37.765946","-122.399044"
"10/18/2023","AQS","060750005","1","35.4","ppb","33","San Francisco","23","96.0000","42602","Nitrogen dioxide (NO2)","074","41860","San Francisco-Oakland-Hayward, CA","06","California","075","San Francisco","37.765946","-122.399044"
"10/19/2023","AQS","060750005","1","35","ppb","33","San Francisco","23","96.0000","42602","Nitrogen dioxide (NO2)","074","41860","San Francisco-Oakland-Hayward, CA","06","California","075","San Francisco","37.765946","-122.399044"
"10/20/2023","AQS","060750005","1","9.7","ppb","8","San Francisco","23","96.0000","42602","Nitrogen dioxide (NO2)","074","41860","San Francisco-Oakland-Hayward, CA","06","California","075","San Francisco","37.765946","-122.399044"
"10/21/2023","AQS","060750005","1","17.6","ppb","16","San Francisco","23","96.0000","42602","Nitrogen dioxide (NO2)","074","41860","San Francisco-Oakland-Hayward, CA","06","California","075","San Francisco","37.765946","-122.399044"
"10/22/2023","AQS","060750005","1","5.5","ppb","5","San Francisco","23","96.0000","42602","Nitrogen dioxide (NO2)","074","41860","San Francisco-Oakland-Hayward, CA","06","California","075","San Francisco","37.765946","-122.399044"
"10/23/2023","AQS","060750005","1","12.9","ppb","11","San Francisco","23","96.0000","42602","Nitrogen dioxide (NO2)","074","41860","San Francisco-Oakland-Hayward, CA","06","California","075","San Francisco","37.765946","-122.399044"
"10/24/2023","AQS","060750005","1","17.8","ppb","16","San Francisco","23","96.0000","42602","Nitrogen dioxide (NO2)","074","41860","San Francisco-Oakland-Hayward, CA","06","California","075","San Francisco","37.765946","-122.399044"
"10/25/2023","AQS","060750005","1","7.5","ppb","7","San Francisco","23","96.0000","42602","Nitrogen dioxide (NO2)","074","41860","San Francisco-Oakland-Hayward, CA","06","California","075","San Francisco","37.765946","-122.399044"
"10/26/2023","AQS","060750005","1","13.7","ppb","12","San Francisco","23","96.0000","42602","Nitrogen dioxide (NO2)","074","41860","San Francisco-Oakland-Hayward, CA","06","California","075","San Francisco","37.765946","-122.399044"
"10/27/2023","AQS","060750005","1","25.9","ppb","24","San Francisco","23","96.0000","42602","Nitrogen dioxide (NO2)","074","41860","San Francisco-Oakland-Hayward, CA","06","California","075","San Francisco","37.765946","-122.399044"
"10/28/2023","AQS","060750005","1","18.2","ppb","17","San Francisco","23","96.0000","42602","Nitrogen dioxide (NO2)","074","41860","San Francisco-Oakland-Hayward, CA","06","California","075","San Francisco","37.765946","-122.399044"
"10/29/2023","AQS","060750005","1","29.9","ppb","27","San Francisco","23","96.0000","42602","Nitrogen dioxide (NO2)","074","41860","San Francisco-Oakland-Hayward, CA","06","California","075","San Francisco","37.765946","-122.399044"
"10/30/2023","AQS","060750005","1","34.1","ppb","32","San Francisco","23","96.0000","42602","Nitrogen dioxide (NO2)","074","41860","San Francisco-Oakland-Hayward, CA","06","California","075","San Francisco","37.765946","-122.399044"
"10/31/2023","AQS","060750005","1","41.4","ppb","39","San Francisco","23","96.0000","42602","Nitrogen dioxide (NO2)","074","41860","San Francisco-Oakland-Hayward, CA","06","California","075","San Francisco","37.765946","-122.399044"
"11/01/2023","AQS","060750005","1","38.4","ppb","36","San Francisco","23","96.0000","42602","Nitrogen dioxide (NO2)","074","41860","San Francisco-Oakland-Hayward, CA","06","California","075","San Francisco","37.765946","-122.399044"
"11/02/2023","AQS","060750005","1","39","ppb","37","San Francisco","23","96.0000","42602","Nitrogen dioxide (NO2)","074","41860","San Francisco-Oakland-Hayward, CA","06","California","075","San Francisco","37.765946","-122.399044"
"11/03/2023","AQS","060750005","1","31.1","ppb","29","San Francisco","23","96.0000","42602","Nitrogen dioxide (NO2)","074","41860","San Francisco-Oakland-Hayward, CA","06","California","075","San Francisco","37.765946","-122.399044"
"11/04/2023","AQS","060750005","1","15.2","ppb","14","San Francisco","23","96.0000","42602","Nitrogen dioxide (NO2)","074","41860","San Francisco-Oakland-Hayward, CA","06","California","075","San Francisco","37.765946","-122.399044"
"11/05/2023","AQS","060750005","1","14.8","ppb","13","San Francisco","23","96.0000","42602","Nitrogen dioxide (NO2)","074","41860","San Francisco-Oakland-Hayward, CA","06","California","075","San Francisco","37.765946","-122.399044"
"11/06/2023","AQS","060750005","1","4.8","ppb","4","San Francisco","23","96.0000","42602","Nitrogen dioxide (NO2)","074","41860","San Francisco-Oakland-Hayward, CA","06","California","075","San Francisco","37.765946","-122.399044"
"11/07/2023","AQS","060750005","1","16.2","ppb","15","San Francisco","23","96.0000","42602","Nitrogen dioxide (NO2)","074","41860","San Francisco-Oakland-Hayward, CA","06","California","075","San Francisco","37.765946","-122.399044"
"11/08/2023","AQS","060750005","1","24.1","ppb","23","San Francisco","23","96.0000","42602","Nitrogen dioxide (NO2)","074","41860","San Francisco-Oakland-Hayward, CA","06","California","075","San Francisco","37.765946","-122.399044"
"11/09/2023","AQS","060750005","1","23.9","ppb","22","San Francisco","23","96.0000","42602","Nitrogen dioxide (NO2)","074","41860","San Francisco-Oakland-Hayward, CA","06","California","075","San Francisco","37.765946","-122.399044"
"11/10/2023","AQS","060750005","1","34.4","ppb","32","San Francisco","23","96.0000","42602","Nitrogen dioxide (NO2)","074","41860","San Francisco-Oakland-Hayward, CA","06","California","075","San Francisco","37.765946","-122.399044"
"11/11/2023","AQS","060750005","1","34.2","ppb","32","San Francisco","23","96.0000","42602","Nitrogen dioxide (NO2)","074","41860","San Francisco-Oakland-Hayward, CA","06","California","075","San Francisco","37.765946","-122.399044"
"11/12/2023","AQS","060750005","1","23.1","ppb","22","San Francisco","23","96.0000","42602","Nitrogen dioxide (NO2)","074","41860","San Francisco-Oakland-Hayward, CA","06","California","075","San Francisco","37.765946","-122.399044"
"11/13/2023","AQS","060750005","1","26.4","ppb","25","San Francisco","23","96.0000","42602","Nitrogen dioxide (NO2)","074","41860","San Francisco-Oakland-Hayward, CA","06","California","075","San Francisco","37.765946","-122.399044"
"11/14/2023","AQS","060750005","1","34.3","ppb","32","San Francisco","23","96.0000","42602","Nitrogen dioxide (NO2)","074","41860","San Francisco-Oakland-Hayward, CA","06","California","075","San Francisco","37.765946","-122.399044"
"11/15/2023","AQS","060750005","1","21","ppb","20","San Francisco","23","96.0000","42602","Nitrogen dioxide (NO2)","074","41860","San Francisco-Oakland-Hayward, CA","06","California","075","San Francisco","37.765946","-122.399044"
"11/16/2023","AQS","060750005","1","32.6","ppb","30","San Francisco","23","96.0000","42602","Nitrogen dioxide (NO2)","074","41860","San Francisco-Oakland-Hayward, CA","06","California","075","San Francisco","37.765946","-122.399044"
"11/17/2023","AQS","060750005","1","25.4","ppb","24","San Francisco","23","96.0000","42602","Nitrogen dioxide (NO2)","074","41860","San Francisco-Oakland-Hayward, CA","06","California","075","San Francisco","37.765946","-122.399044"
"11/18/2023","AQS","060750005","1","3.9","ppb","3","San Francisco","23","96.0000","42602","Nitrogen dioxide (NO2)","074","41860","San Francisco-Oakland-Hayward, CA","06","California","075","San Francisco","37.765946","-122.399044"
"11/19/2023","AQS","060750005","1","13.4","ppb","12","San Francisco","23","96.0000","42602","Nitrogen dioxide (NO2)","074","41860","San Francisco-Oakland-Hayward, CA","06","California","075","San Francisco","37.765946","-122.399044"
"11/20/2023","AQS","060750005","1","28.8","ppb","26","San Francisco","23","96.0000","42602","Nitrogen dioxide (NO2)","074","41860","San Francisco-Oakland-Hayward, CA","06","California","075","San Francisco","37.765946","-122.399044"
"11/21/2023","AQS","060750005","1","35.8","ppb","33","San Francisco","20","83.0000","42602","Nitrogen dioxide (NO2)","074","41860","San Francisco-Oakland-Hayward, CA","06","California","075","San Francisco","37.765946","-122.399044"
"11/22/2023","AQS","060750005","1","39.6","ppb","37","San Francisco","23","96.0000","42602","Nitrogen dioxide (NO2)","074","41860","San Francisco-Oakland-Hayward, CA","06","California","075","San Francisco","37.765946","-122.399044"
"11/23/2023","AQS","060750005","1","27.3","ppb","25","San Francisco","23","96.0000","42602","Nitrogen dioxide (NO2)","074","41860","San Francisco-Oakland-Hayward, CA","06","California","075","San Francisco","37.765946","-122.399044"
"11/24/2023","AQS","060750005","1","30.3","ppb","28","San Francisco","23","96.0000","42602","Nitrogen dioxide (NO2)","074","41860","San Francisco-Oakland-Hayward, CA","06","California","075","San Francisco","37.765946","-122.399044"
"11/25/2023","AQS","060750005","1","23.9","ppb","22","San Francisco","23","96.0000","42602","Nitrogen dioxide (NO2)","074","41860","San Francisco-Oakland-Hayward, CA","06","California","075","San Francisco","37.765946","-122.399044"
"11/26/2023","AQS","060750005","1","31","ppb","29","San Francisco","23","96.0000","42602","Nitrogen dioxide (NO2)","074","41860","San Francisco-Oakland-Hayward, CA","06","California","075","San Francisco","37.765946","-122.399044"
"11/27/2023","AQS","060750005","1","40.1","ppb","38","San Francisco","23","96.0000","42602","Nitrogen dioxide (NO2)","074","41860","San Francisco-Oakland-Hayward, CA","06","California","075","San Francisco","37.765946","-122.399044"
"11/28/2023","AQS","060750005","1","41","ppb","39","San Francisco","22","92.0000","42602","Nitrogen dioxide (NO2)","074","41860","San Francisco-Oakland-Hayward, CA","06","California","075","San Francisco","37.765946","-122.399044"
"11/29/2023","AQS","060750005","1","24.7","ppb","23","San Francisco","23","96.0000","42602","Nitrogen dioxide (NO2)","074","41860","San Francisco-Oakland-Hayward, CA","06","California","075","San Francisco","37.765946","-122.399044"
"11/30/2023","AQS","060750005","1","22.4","ppb","21","San Francisco","23","96.0000","42602","Nitrogen dioxide (NO2)","074","41860","San Francisco-Oakland-Hayward, CA","06","California","075","San Francisco","37.765946","-122.399044"
"12/01/2023","AQS","060750005","1","22.3","ppb","21","San Francisco","23","96.0000","42602","Nitrogen dioxide (NO2)","074","41860","San Francisco-Oakland-Hayward, CA","06","California","075","San Francisco","37.765946","-122.399044"
"12/02/2023","AQS","060750005","1","11.6","ppb","10","San Francisco","23","96.0000","42602","Nitrogen dioxide (NO2)","074","41860","San Francisco-Oakland-Hayward, CA","06","California","075","San Francisco","37.765946","-122.399044"
"12/03/2023","AQS","060750005","1","13.1","ppb","12","San Francisco","23","96.0000","42602","Nitrogen dioxide (NO2)","074","41860","San Francisco-Oakland-Hayward, CA","06","California","075","San Francisco","37.765946","-122.399044"
"12/04/2023","AQS","060750005","1","25.4","ppb","24","San Francisco","23","96.0000","42602","Nitrogen dioxide (NO2)","074","41860","San Francisco-Oakland-Hayward, CA","06","California","075","San Francisco","37.765946","-122.399044"
"12/06/2023","AQS","060750005","1","27.7","ppb","25","San Francisco","23","96.0000","42602","Nitrogen dioxide (NO2)","074","41860","San Francisco-Oakland-Hayward, CA","06","California","075","San Francisco","37.765946","-122.399044"
"12/07/2023","AQS","060750005","1","34.8","ppb","32","San Francisco","23","96.0000","42602","Nitrogen dioxide (NO2)","074","41860","San Francisco-Oakland-Hayward, CA","06","California","075","San Francisco","37.765946","-122.399044"
"12/08/2023","AQS","060750005","1","27.1","ppb","25","San Francisco","23","96.0000","42602","Nitrogen dioxide (NO2)","074","41860","San Francisco-Oakland-Hayward, CA","06","California","075","San Francisco","37.765946","-122.399044"
"12/09/2023","AQS","060750005","1","23.8","ppb","22","San Francisco","23","96.0000","42602","Nitrogen dioxide (NO2)","074","41860","San Francisco-Oakland-Hayward, CA","06","California","075","San Francisco","37.765946","-122.399044"
"12/10/2023","AQS","060750005","1","23.6","ppb","22","San Francisco","23","96.0000","42602","Nitrogen dioxide (NO2)","074","41860","San Francisco-Oakland-Hayward, CA","06","California","075","San Francisco","37.765946","-122.399044"
"12/12/2023","AQS","060750005","1","23.1","ppb","22","San Francisco","23","96.0000","42602","Nitrogen dioxide (NO2)","074","41860","San Francisco-Oakland-Hayward, CA","06","California","075","San Francisco","37.765946","-122.399044"
"12/13/2023","AQS","060750005","1","34","ppb","32","San Francisco","18","75.0000","42602","Nitrogen dioxide (NO2)","074","41860","San Francisco-Oakland-Hayward, CA","06","California","075","San Francisco","37.765946","-122.399044"
"12/14/2023","AQS","060750005","1","38.5","ppb","36","San Francisco","23","96.0000","42602","Nitrogen dioxide (NO2)","074","41860","San Francisco-Oakland-Hayward, CA","06","California","075","San Francisco","37.765946","-122.399044"
"12/15/2023","AQS","060750005","1","36.2","ppb","34","San Francisco","23","96.0000","42602","Nitrogen dioxide (NO2)","074","41860","San Francisco-Oakland-Hayward, CA","06","California","075","San Francisco","37.765946","-122.399044"
"12/16/2023","AQS","060750005","1","41.2","ppb","39","San Francisco","23","96.0000","42602","Nitrogen dioxide (NO2)","074","41860","San Francisco-Oakland-Hayward, CA","06","California","075","San Francisco","37.765946","-122.399044"
"12/17/2023","AQS","060750005","1","35.8","ppb","33","San Francisco","23","96.0000","42602","Nitrogen dioxide (NO2)","074","41860","San Francisco-Oakland-Hayward, CA","06","California","075","San Francisco","37.765946","-122.399044"
"12/18/2023","AQS","060750005","1","19.5","ppb","18","San Francisco","23","96.0000","42602","Nitrogen dioxide (NO2)","074","41860","San Francisco-Oakland-Hayward, CA","06","California","075","San Francisco","37.765946","-122.399044"
"12/19/2023","AQS","060750005","1","13.9","ppb","12","San Francisco","23","96.0000","42602","Nitrogen dioxide (NO2)","074","41860","San Francisco-Oakland-Hayward, CA","06","California","075","San Francisco","37.765946","-122.399044"
"12/20/2023","AQS","060750005","1","24.5","ppb","23","San Francisco","23","96.0000","42602","Nitrogen dioxide (NO2)","074","41860","San Francisco-Oakland-Hayward, CA","06","California","075","San Francisco","37.765946","-122.399044"
"12/21/2023","AQS","060750005","1","31.3","ppb","29","San Francisco","22","92.0000","42602","Nitrogen dioxide (NO2)","074","41860","San Francisco-Oakland-Hayward, CA","06","California","075","San Francisco","37.765946","-122.399044"
"12/22/2023","AQS","060750005","1","21.5","ppb","20","San Francisco","22","92.0000","42602","Nitrogen dioxide (NO2)","074","41860","San Francisco-Oakland-Hayward, CA","06","California","075","San Francisco","37.765946","-122.399044"
"12/23/2023","AQS","060750005","1","23.3","ppb","22","San Francisco","23","96.0000","42602","Nitrogen dioxide (NO2)","074","41860","San Francisco-Oakland-Hayward, CA","06","California","075","San Francisco","37.765946","-122.399044"
"12/24/2023","AQS","060750005","1","22.9","ppb","21","San Francisco","23","96.0000","42602","Nitrogen dioxide (NO2)","074","41860","San Francisco-Oakland-Hayward, CA","06","California","075","San Francisco","37.765946","-122.399044"
"12/25/2023","AQS","060750005","1","21.8","ppb","20","San Francisco","23","96.0000","42602","Nitrogen dioxide (NO2)","074","41860","San Francisco-Oakland-Hayward, CA","06","California","075","San Francisco","37.765946","-122.399044"
"12/26/2023","AQS","060750005","1","32.5","ppb","30","San Francisco","23","96.0000","42602","Nitrogen dioxide (NO2)","074","41860","San Francisco-Oakland-Hayward, CA","06","California","075","San Francisco","37.765946","-122.399044"
"12/27/2023","AQS","060750005","1","27.2","ppb","25","San Francisco","21","88.0000","42602","Nitrogen dioxide (NO2)","074","41860","San Francisco-Oakland-Hayward, CA","06","California","075","San Francisco","37.765946","-122.399044"
"12/28/2023","AQS","060750005","1","27.6","ppb","25","San Francisco","23","96.0000","42602","Nitrogen dioxide (NO2)","074","41860","San Francisco-Oakland-Hayward, CA","06","California","075","San Francisco","37.765946","-122.399044"
"12/29/2023","AQS","060750005","1","21.8","ppb","20","San Francisco","23","96.0000","42602","Nitrogen dioxide (NO2)","074","41860","San Francisco-Oakland-Hayward, CA","06","California","075","San Francisco","37.765946","-122.399044"
"12/30/2023","AQS","060750005","1","18.7","ppb","17","San Francisco","23","96.0000","42602","Nitrogen dioxide (NO2)","074","41860","San Francisco-Oakland-Hayward, CA","06","California","075","San Francisco","37.765946","-122.399044"
"12/31/2023","AQS","060750005","1","21.4","ppb","20","San Francisco","23","96.0000","42602","Nitrogen dioxide (NO2)","074","41860","San Francisco-Oakland-Hayward, CA","06","California","075","San Francisco","37.765946","-122.399044"
